---insert into admin table
INSERT INTO ADMIN (ADMIN_ID, EMAIL, PASSWORD) VALUES ('000001', 'chriseljon@gmail.com', 'password12');
INSERT INTO ADMIN (ADMIN_ID, EMAIL, PASSWORD) VALUES ('000002', 'miggyvivo@yahoo.com', 'atos1234');
INSERT INTO ADMIN (ADMIN_ID, EMAIL, PASSWORD) VALUES ('000003', 'tymartsberganio@gmail.com', 'atos1234');
INSERT INTO ADMIN (ADMIN_ID, EMAIL, PASSWORD) VALUES ('000004', 'khevin.jacang10@gmail.com', 'atos1234');


---insert into atc_items table
INSERT INTO ATC_ITEMS (ATC_ID, CART_ID, USERID, PRODUCT_ID, ATC_QTY) VALUES ('A000001', 'C00001', 'U00001', '0000001', '3');
INSERT INTO ATC_ITEMS (ATC_ID, CART_ID, USERID, PRODUCT_ID, ATC_QTY) VALUES ('A000002', 'C00002', 'U00002', '0000002', '8');
INSERT INTO ATC_ITEMS (ATC_ID, CART_ID, USERID, PRODUCT_ID, ATC_QTY) VALUES ('A000003', 'C00003', 'U00003', '0000003', '9');
INSERT INTO ATC_ITEMS (ATC_ID, CART_ID, USERID, PRODUCT_ID, ATC_QTY) VALUES ('A000004', 'C00004', 'U00004', '0000004', '5');



---insert into cart table
INSERT INTO CART (CART_ID, USERID) VALUES ('C00001', 'U00001');
INSERT INTO CART (CART_ID, USERID) VALUES ('C00002', 'U00002');
INSERT INTO CART (CART_ID, USERID) VALUES ('C00003', 'U00003');
INSERT INTO CART (CART_ID, USERID) VALUES ('C00004', 'U00004');



---insert into category table
INSERT INTO CATEGORY (CAT_ID, CAT_NAME) VALUES ('P00C001', 'SSD');
INSERT INTO CATEGORY (CAT_ID, CAT_NAME) VALUES ('P00C002', 'Monitor');
INSERT INTO CATEGORY (CAT_ID, CAT_NAME) VALUES ('P00C003', 'CPU');
INSERT INTO CATEGORY (CAT_ID, CAT_NAME) VALUES ('P00C004', 'Keyboard');


---insert into coupon table
INSERT INTO COUPON (COUP_ID, COUP_NAME, DISC_VAL, EXPIRY_DATE) VALUES ('COUP0001', 'BFRIDAYSALE', '25', TO_DATE('2022-02-28 00:00:00', 'YYYY-MM-DD HH24:MI:SS'));
INSERT INTO COUPON (COUP_ID, COUP_NAME, DISC_VAL, EXPIRY_DATE) VALUES ('COUP0002', 'APP100', '10', TO_DATE('2022-02-27 00:00:00', 'YYYY-MM-DD HH24:MI:SS'));
INSERT INTO COUPON (COUP_ID, COUP_NAME, DISC_VAL, EXPIRY_DATE) VALUES ('COUP0003', 'APP200', '20', TO_DATE('2022-02-26 00:00:00', 'YYYY-MM-DD HH24:MI:SS'));
INSERT INTO COUPON (COUP_ID, COUP_NAME, DISC_VAL, EXPIRY_DATE) VALUES ('COUP0004', 'BFRIDAYSALE', '25', TO_DATE('2022-02-25 00:00:00', 'YYYY-MM-DD HH24:MI:SS'));


---insert into customeracc table
INSERT INTO CUSTOMERACC (USERID, UNAME, EMADD, PWORD, REGDATE, ADDR, CONUM) 
VALUES ('U00001', 'TonyStark', 'ironman@gmail.com', 'IamIronMan', TO_DATE('2022-02-02 00:00:00', 'YYYY-MM-DD HH24:MI:SS'), 'AvengersTower', '12345');

INSERT INTO CUSTOMERACC (USERID, UNAME, EMADD, PWORD, REGDATE, ADDR, CONUM) 
VALUES ('U00002', 'SteveRogers', 'captainamerica@gmail.com', 'vibranium', TO_DATE('2022-01-01 00:00:00', 'YYYY-MM-DD HH24:MI:SS'), 'AvengersBase', '246810');

INSERT INTO CUSTOMERACC (USERID, UNAME, EMADD, PWORD, REGDATE, ADDR, CONUM) 
VALUES ('U00003', 'Thor', 'thorodinson@gmail.com', 'mjolnir', TO_DATE('2022-01-14 00:00:00', 'YYYY-MM-DD HH24:MI:SS'), 'Asgard', '3691215');

INSERT INTO CUSTOMERACC (USERID, UNAME, EMADD, PWORD, REGDATE, ADDR, CONUM) 
VALUES ('U00004', 'PeterParker', 'imnotspidey@gmail.com', 'imnotspiderman', TO_DATE('2022-02-02 00:00:00', 'YYYY-MM-DD HH24:MI:SS'), 'ParkerApartment', '48121615');




---insert into orderlist table
INSERT INTO ORDERLIST (ORDER_ID, CART_ID, USERID, ORDER_DATE, DEL_DATE, COUP_ID, AMOUNT, METHOD_PAYMENT)
VALUES ('OR00001', 'C00001', 'U00001', TO_DATE('2022-01-11 00:00:00', 'YYYY-MM-DD HH24:MI:SS'), TO_DATE('2022-01-16 00:00:00', 'YYYY-MM-DD HH24:MI:SS'), 'APP100', '10000.00', 'COD');

INSERT INTO ORDERLIST (ORDER_ID, CART_ID, USERID, ORDER_DATE, DEL_DATE, COUP_ID, AMOUNT, METHOD_PAYMENT) 
VALUES ('OR00002', 'C00002', 'U00002', TO_DATE('2022-01-14 00:00:00', 'YYYY-MM-DD HH24:MI:SS'), TO_DATE('2022-01-19 00:00:00', 'YYYY-MM-DD HH24:MI:SS'), 'BFRIDAYSALE', '7000.00', 'DEBIT');

INSERT INTO ORDERLIST (ORDER_ID, CART_ID, USERID, ORDER_DATE, DEL_DATE, COUP_ID, AMOUNT, METHOD_PAYMENT) 
VALUES ('OR00003', 'C00003', 'U00003', TO_DATE('2022-01-16 00:00:00', 'YYYY-MM-DD HH24:MI:SS'), TO_DATE('2022-01-21 00:00:00', 'YYYY-MM-DD HH24:MI:SS'), 'APP200', '85000.00', 'DEBIT');

INSERT INTO ORDERLIST (ORDER_ID, CART_ID, USERID, ORDER_DATE, DEL_DATE, COUP_ID, AMOUNT, METHOD_PAYMENT)
VALUES ('OR00004', 'C00004', 'U00004', TO_DATE('2022-01-12 00:00:00', 'YYYY-MM-DD HH24:MI:SS'), TO_DATE('2022-01-15 00:00:00', 'YYYY-MM-DD HH24:MI:SS'), 'APP100', '10000.00', 'COD');



---insert into productlist table
INSERT INTO PRODUCTLIST (PRODUCT_ID, PROD_NAME, CAT_ID, PROD_PRICE, PROD_IMG, PROD_AVAIL_QTY) VALUES ('0000001', 'SSD', 'P00C001', '500.00', 'kb.jpg', '10');
INSERT INTO PRODUCTLIST (PRODUCT_ID, PROD_NAME, CAT_ID, PROD_PRICE, PROD_IMG, PROD_AVAIL_QTY) VALUES ('0000002', 'Monitor', 'P00C002', '200.00', 'm.jpg', '5');
INSERT INTO PRODUCTLIST (PRODUCT_ID, PROD_NAME, CAT_ID, PROD_PRICE, PROD_IMG, PROD_AVAIL_QTY) VALUES ('0000003', 'CPU', 'P00C003', '70000.00', 'lp.jpg', '20');
INSERT INTO PRODUCTLIST (PRODUCT_ID, PROD_NAME, CAT_ID, PROD_PRICE, PROD_IMG, PROD_AVAIL_QTY) VALUES ('0000004', 'Keyboard', 'P00C004', '900.00', 'm.jpg', '15');


